http://tylermarrs.com/about/,http://tylermarrs.com/pages/about.html
http://tylermarrs.com/projects/,http://tylermarrs.com/pages/projects.html
http://tylermarrs.com/ranked-win-predictor/,http://tylermarrs.com/posts/ranked-win-predictor.html
http://tylermarrs.com/challenger-tier-baron-throw-analysis/,http://tylermarrs.com/posts/challenger-tier-baron-throw-analysis.html
http://tylermarrs.com/?p=57,http://tylermarrs.com/posts/57.html
http://tylermarrs.com/convert-23-and-me-raw-data-to-vcf/,http://tylermarrs.com/posts/convert-23-and-me-raw-data-to-vcf.html
http://tylermarrs.com/paper-dimension-reduction-techniques-for-the-integrative-analysis-of-multi-omics-data/,http://tylermarrs.com/posts/paper-dimension-reduction-techniques-for-the-integrative-analysis-of-multi-omics-data.html
http://tylermarrs.com/fix-fastq-headers/,http://tylermarrs.com/posts/fix-fastq-headers.html
http://tylermarrs.com/remove-empty-variants-from-vcf/,http://tylermarrs.com/posts/remove-empty-variants-from-vcf.html
http://tylermarrs.com/quick-stats-descriptive-statistics-part-1-mean/,http://tylermarrs.com/posts/quick-stats-descriptive-statistics-part-1-mean.html
http://tylermarrs.com/quick-stats-descriptive-statistics-part-2-median/,http://tylermarrs.com/posts/quick-stats-descriptive-statistics-part-2-median.html
http://tylermarrs.com/quick-stats-descriptive-statistics-part-3-mode/,http://tylermarrs.com/posts/quick-stats-descriptive-statistics-part-3-mode.html
http://tylermarrs.com/quick-stats-descriptive-statistics-part-4-application-of-mean-median-and-mode/,http://tylermarrs.com/posts/quick-stats-descriptive-statistics-part-4-application-of-mean-median-and-mode.html
http://tylermarrs.com/?p=112,http://tylermarrs.com/posts/112.html
http://tylermarrs.com/?p=122,http://tylermarrs.com/posts/122.html
http://tylermarrs.com/?p=131,http://tylermarrs.com/posts/131.html
http://tylermarrs.com/?p=133,http://tylermarrs.com/posts/133.html
http://tylermarrs.com/dead-service/,http://tylermarrs.com/pages/dead-service.html
http://tylermarrs.com/billboard-hot-100-lyric-analysis/,http://tylermarrs.com/posts/billboard-hot-100-lyric-analysis.html
http://tylermarrs.com/lyric-analysis-of-an-artist/,http://tylermarrs.com/posts/lyric-analysis-of-an-artist.html
http://tylermarrs.com/edit-distance-hierarchical-clustering/,http://tylermarrs.com/posts/edit-distance-hierarchical-clustering.html
http://tylermarrs.com/interpreting-correlations/,http://tylermarrs.com/posts/interpreting-correlations.html
http://tylermarrs.com/tag/pandas,/categories/pandas/
http://tylermarrs.com/tag/data-analysis,/categories/data-analysis/
http://tylermarrs.com/tag/automation,/categories/automation/
http://tylermarrs.com/tag/data-classification,/categories/data-classification/
http://tylermarrs.com/tag/bioinformatics,/categories/bioinformatics/
http://tylermarrs.com/tag/data-visualization,/categories/data-visualization/
http://tylermarrs.com/tag/matplotlib,/categories/matplotlib/
http://tylermarrs.com/tag/text-analysis,/categories/text-analysis/
http://tylermarrs.com/tag/data-analytics,/categories/data-analytics/
http://tylermarrs.com/tag/data-science,/categories/data-science/
http://tylermarrs.com/tag/clustering,/categories/clustering/
http://tylermarrs.com/tag/scipy,/categories/scipy/
http://tylermarrs.com/tag/predictive-modeling,/categories/predictive-modeling/
http://tylermarrs.com/tag/statistic,/categories/statistic/
http://tylermarrs.com/tag/numpy,/categories/numpy/
http://tylermarrs.com/tag/paper,/categories/paper/
http://tylermarrs.com/tag/nltk,/categories/nltk/
http://tylermarrs.com/tag/statistics,/categories/statistics/
http://tylermarrs.com/tag/python,/categories/python/
http://tylermarrs.com/tag/nlp,/categories/nlp/
http://tylermarrs.com/tag/mean,/categories/mean/
http://tylermarrs.com/tag/vcf,/categories/vcf/
http://tylermarrs.com/tag/fastq,/categories/fastq/
http://tylermarrs.com/tag/phylogenetics,/categories/phylogenetics/
http://tylermarrs.com/tag/descriptive-statistics,/categories/descriptive-statistics/
http://tylermarrs.com/tag/median,/categories/median/
http://tylermarrs.com/tag/main,/categories/main/
http://tylermarrs.com/tag/league-of-legends,/categories/league-of-legends/
http://tylermarrs.com/tag/edit-distance,/categories/edit-distance/
http://tylermarrs.com/tag/next-gen-sequecing,/categories/next-gen-sequecing/
http://tylermarrs.com/tag/cancer,/categories/cancer/
http://tylermarrs.com/tag/23-and-me,/categories/23-and-me/
http://tylermarrs.com/tag/data-mining,/categories/data-mining/
http://tylermarrs.com/tag/tumor-heterogeneity,/categories/tumor-heterogeneity/
http://tylermarrs.com/tag/r,/categories/r/
